Type,Name,Request Count,Failure Count,Median Response Time,Average Response Time,Min Response Time,Max Response Time,Average Content Size,Requests/s,Failures/s,50%,66%,75%,80%,90%,95%,98%,99%,99.9%,99.99%,100%
EventHub,check_throughput,34,0,950,1109.4705882352941,929,3138,489.7647058823529,0.11330852162822222,0.0,960,1000,1000,1100,1300,2500,3100,3100,3100,3100,3100
MQTT,send_telemetry,16720,0,0,0.010944976076555023,0,34,1026.0,55.72113181246693,0.0,0,0,0,0,0,0,0,0,1,34,34
,Aggregated,16754,0,0,2.262444789304047,0,3138,1024.9117822609526,55.83444033409515,0.0,0,0,0,0,0,0,0,0,960,2500,3100
